{
    "Time Created": "2024-10-18 18:05:25",
    "Version": "0.1.1",
    "Author": "Ben Hord",
    "Planet Name": "L 98-59d",
    "Star Name": "L 98-59",
    "Number of Transits to Capture": 10,
    "RA": 124.53289609935439,
    "DEC": -68.31451297878304,
    "coord_epoch": "J2016.0",
    "pm_RA": 94.7937841216887,
    "pm_DEC": -340.0843107376206,
    "Jmag": 7.933000087738037,
    "Gmag": 10.605512619018555,
    "Teff (K)": 3178.844482421875,
    "logg": 4.473100185394287,
    "Planet Letter": "d",
    "Period (days)": 7.4507245,
    "Period Uncertainty (days)": 6.35e-06,
    "Transit Duration (hrs)": 0.84,
    "Transit Epoch (BJD_TDB)": 2458362.73974,
    "Transit Epoch Uncertainty (days)": 0.000355,
    "Additional Planets": [
        {
            "Planet Letter": "b",
            "Period (days)": 2.2531136,
            "Period Uncertainty (days)": 1.35e-06,
            "Transit Duration (hrs)": 0.992,
            "Transit Epoch (BJD_TDB)": 2458366.17067,
            "Transit Epoch Uncertainty (days)": 0.00034500000000000004
        },
        {
            "Planet Letter": "c",
            "Period (days)": 3.6906777,
            "Period Uncertainty (days)": 2.1000000000000002e-06,
            "Transit Duration (hrs)": 1.346,
            "Transit Epoch (BJD_TDB)": 2458367.27375,
            "Transit Epoch Uncertainty (days)": 0.000175
        },
        {
            "Planet Letter": "e",
            "Period (days)": 12.796,
            "Period Uncertainty (days)": 0.0195,
            "Transit Duration (hrs)": NaN,
            "Transit Epoch (BJD_TDB)": NaN,
            "Transit Epoch Uncertainty (days)": NaN
        }
    ],
    "VDA Setting": "coadd_50",
    "NIRDA Setting": "samp_4_6",
    "StarRoiDetMethod": 0,
    "ROI_coord_epoch": "J2016.0",
    "ROI_coord": [
        [
            124.85777760627948,
            -68.33696277489302
        ],
        [
            124.45002668850726,
            -68.35516131707047
        ],
        [
            124.12990481036739,
            -68.25770698579248
        ],
        [
            124.55596036922387,
            -68.23825222124299
        ],
        [
            124.27079973672143,
            -68.3393717762425
        ],
        [
            124.2117457720435,
            -68.15130019366907
        ],
        [
            124.62148715417612,
            -68.32625860632615
        ],
        [
            124.51603417567082,
            -68.20390912620903
        ]
    ],
    "numPredefinedStarRois": 8,
    "Time Updated": "2024-11-13 21:38:37"
}