{
    "Time Created": "2024-10-16 13:59:06",
    "Version": "0.1.0",
    "Author": "Ben Hord",
    "Planet Name": "K2-198b",
    "Star Name": "K2-198",
    "Number of Transits to Capture": 10,
    "RA": 198.84358645190142,
    "DEC": -6.465044751895604,
    "coord_epoch": "J2016.0",
    "pm_RA": -36.67214887605044,
    "pm_DEC": -21.708626791869815,
    "Jmag": 9.741000175476074,
    "Gmag": 11.012859344482422,
    "Teff (K)": 5192.07373046875,
    "logg": 4.56689977645874,
    "Planet Letter": "b",
    "Period (days)": 17.0428683,
    "Period Uncertainty (days)": 5.3e-06,
    "Transit Duration (hrs)": 2.9592,
    "Transit Epoch (BJD_TDB)": 2457204.5687,
    "Transit Epoch Uncertainty (days)": 0.00014,
    "Additional Planets": [
        {
            "Planet Letter": "c",
            "Period (days)": 3.3596055,
            "Period Uncertainty (days)": 3.0499999999999996e-06,
            "Transit Duration (hrs)": 1.42008,
            "Transit Epoch (BJD_TDB)": 2457215.032,
            "Transit Epoch Uncertainty (days)": 0.0018
        },
        {
            "Planet Letter": "d",
            "Period (days)": 7.4500177,
            "Period Uncertainty (days)": 3.9e-06,
            "Transit Duration (hrs)": 3.0024,
            "Transit Epoch (BJD_TDB)": 2457213.5759,
            "Transit Epoch Uncertainty (days)": 0.001
        }
    ],
    "VDA Setting": "coadd_5",
    "NIRDA Setting": "samp_4_3"
}