{
    "Time Created": "2024-10-16 03:48:06",
    "Version": "0.1.0",
    "Author": "Ben Hord",
    "Planet Name": "L 98-59b",
    "Star Name": "L 98-59",
    "Number of Transits to Capture": 10,
    "RA": 124.53352247868602,
    "DEC": -68.3153433180011,
    "coord_epoch": "J2016.0",
    "pm_RA": 94.79821817100299,
    "pm_DEC": -340.0868607629394,
    "Jmag": 7.933000087738037,
    "Gmag": 10.605512619018555,
    "Teff (K)": 3178.844482421875,
    "logg": 4.473100185394287,
    "Planet Letter": "b",
    "Period (days)": 2.2531136,
    "Period Uncertainty (days)": 1.35e-06,
    "Transit Duration (hrs)": 0.992,
    "Transit Epoch (BJD_TDB-2400000.5)": 2458366.17067,
    "Transit Epoch Uncertainty (days)": 0.00034500000000000004,
    "Additional Planets": [
        {
            "Planet Letter": "c",
            "Period (days)": 3.6906777,
            "Period Uncertainty (days)": 2.1000000000000002e-06,
            "Transit Duration (hrs)": 1.346,
            "Transit Epoch (BJD_TDB-2400000.5)": 2458367.27375,
            "Transit Epoch Uncertainty (days)": 0.000175
        },
        {
            "Planet Letter": "d",
            "Period (days)": 7.4507245,
            "Period Uncertainty (days)": 6.35e-06,
            "Transit Duration (hrs)": 0.84,
            "Transit Epoch (BJD_TDB-2400000.5)": 2458362.73974,
            "Transit Epoch Uncertainty (days)": 0.000355
        },
        {
            "Planet Letter": "e",
            "Period (days)": 12.796,
            "Period Uncertainty (days)": 0.0195,
            "Transit Duration (hrs)": NaN,
            "Transit Epoch (BJD_TDB-2400000.5)": NaN,
            "Transit Epoch Uncertainty (days)": NaN
        }
    ],
    "VDA Setting": "coadd_5",
    "NIRDA Setting": "fowler_1"
}