{
    "Time Created": "2024-10-16 14:02:11",
    "Version": "0.1.0",
    "Author": "Ben Hord",
    "Planet Name": "TOI-2076b",
    "Star Name": "TOI-2076",
    "Number of Transits to Capture": 10,
    "RA": 217.3916194317782,
    "DEC": 39.790381454432236,
    "coord_epoch": "J2016.0",
    "pm_RA": -118.07130673555227,
    "pm_DEC": -6.860380395822615,
    "Jmag": 7.61299991607666,
    "Gmag": 8.918078422546387,
    "Teff (K)": 5062.513671875,
    "logg": 4.528900146484375,
    "Planet Letter": "b",
    "Period (days)": 10.355096,
    "Period Uncertainty (days)": 1.8e-05,
    "Transit Duration (hrs)": 3.2427741,
    "Transit Epoch (BJD_TDB)": 2458743.744,
    "Transit Epoch Uncertainty (days)": 0.001,
    "Additional Planets": [
        {
            "Planet Letter": "c",
            "Period (days)": 21.015327,
            "Period Uncertainty (days)": 2.3e-05,
            "Transit Duration (hrs)": 4.1934912,
            "Transit Epoch (BJD_TDB)": 2458748.68944,
            "Transit Epoch Uncertainty (days)": 0.00063
        },
        {
            "Planet Letter": "d",
            "Period (days)": 35.125686,
            "Period Uncertainty (days)": 8.6e-05,
            "Transit Duration (hrs)": 2.9702271,
            "Transit Epoch (BJD_TDB)": 2458938.2931,
            "Transit Epoch Uncertainty (days)": 0.0014
        }
    ],
    "VDA Setting": "coadd_5",
    "NIRDA Setting": "fowler_1"
}